,theta0,theta1
0,8482.284123373905,-0.021313020528057287
